Race,Aspect,Polarity,Weighted_Score,Upvotes
Abu Dhabi GP,crash,0.016203703703703703,0.012804487179487178,129028.0
Abu Dhabi GP,disqualification,0.0,0.0,129028.0
Abu Dhabi GP,driver,0.006172839506172839,0.04871794871794872,129028.0
Abu Dhabi GP,hype,0.006613756613756614,0.009157509157509158,129028.0
Abu Dhabi GP,livery,0.0,0.0,129028.0
Abu Dhabi GP,media,0.0,0.0,129028.0
Abu Dhabi GP,merchandise,0.0,0.0,129028.0
Abu Dhabi GP,overtake,0.0,0.0,129028.0
Abu Dhabi GP,pace,0.0,0.0,129028.0
Abu Dhabi GP,penalty,0.0,0.0,129028.0
Abu Dhabi GP,podium,0.0,0.0,129028.0
Abu Dhabi GP,pole,0.0,0.0,129028.0
Abu Dhabi GP,price,0.0,0.0,129028.0
Abu Dhabi GP,promotion,0.013227513227513229,0.07967032967032966,129028.0
Abu Dhabi GP,retirement,0.0,0.0,129028.0
Abu Dhabi GP,team,0.0029320987654320985,0.015833333333333335,129028.0
Abu Dhabi GP,win,0.03657407407407408,0.22323076923076923,129028.0
Australian GP,crash,0.002734375,-0.048064102564102575,142412.0
Australian GP,disqualification,0.0,0.0,142412.0
Australian GP,driver,0.00390625,0.007051282051282051,142412.0
Australian GP,hype,0.0,0.0,142412.0
Australian GP,livery,0.0,0.0,142412.0
Australian GP,media,0.0,0.0,142412.0
Australian GP,merchandise,0.004261363636363636,0.010423076923076922,142412.0
Australian GP,overtake,0.0,0.0,142412.0
Australian GP,pace,0.002130681818181818,0.0002832167832167832,142412.0
Australian GP,penalty,0.0,0.0,142412.0
Australian GP,podium,0.0,0.0,142412.0
Australian GP,pole,0.0,0.0,142412.0
Australian GP,price,0.0,0.0,142412.0
Australian GP,promotion,0.0078125,0.015769230769230768,142412.0
Australian GP,retirement,0.00390625,0.007051282051282051,142412.0
Australian GP,team,0.008854166666666666,0.0006829059829059829,142412.0
Australian GP,win,0.03216145833333334,0.0876397435897436,142412.0
Austrian GP,crash,-0.0013661202185792352,0.0,46143.0
Austrian GP,disqualification,0.0,0.0,46143.0
Austrian GP,driver,0.0,0.0,46143.0
Austrian GP,hype,0.0,0.0,46143.0
Austrian GP,livery,0.0,0.0,46143.0
Austrian GP,media,0.0,0.0,46143.0
Austrian GP,merchandise,0.004470938897168405,0.00032867132867132865,46143.0
Austrian GP,overtake,-0.001639344262295082,-0.00037435897435897435,46143.0
Austrian GP,pace,0.01425732737208147,0.001096037296037296,46143.0
Austrian GP,penalty,0.0,0.0,46143.0
Austrian GP,podium,0.0,0.0,46143.0
Austrian GP,pole,0.0,0.0,46143.0
Austrian GP,price,0.0,0.0,46143.0
Austrian GP,promotion,0.0,0.0,46143.0
Austrian GP,retirement,0.0,0.0,46143.0
Austrian GP,team,0.013934426229508197,0.0002724358974358974,46143.0
Austrian GP,win,0.05150273224043716,-0.00021495726495726587,46143.0
Azerbaijan GP,crash,0.010887096774193548,0.013703205128205128,65121.0
Azerbaijan GP,disqualification,0.0,0.0,65121.0
Azerbaijan GP,driver,0.013440860215053762,0.049012820512820514,65121.0
Azerbaijan GP,hype,0.0,0.0,65121.0
Azerbaijan GP,livery,0.0,0.0,65121.0
Azerbaijan GP,media,0.0,0.0,65121.0
Azerbaijan GP,merchandise,0.0,0.0,65121.0
Azerbaijan GP,overtake,-0.01075268817204301,-0.0008547008547008547,65121.0
Azerbaijan GP,pace,-0.025851254480286738,-0.002118874643874644,65121.0
Azerbaijan GP,penalty,-0.0016129032258064516,-0.0006743589743589745,65121.0
Azerbaijan GP,podium,0.0,0.0,65121.0
Azerbaijan GP,pole,0.009408602150537633,0.012320512820512821,65121.0
Azerbaijan GP,price,0.0,0.0,65121.0
Azerbaijan GP,promotion,0.0,0.0,65121.0
Azerbaijan GP,retirement,0.0,0.0,65121.0
Azerbaijan GP,team,0.03024193548387097,0.0038782051282051284,65121.0
Azerbaijan GP,win,0.04986559139784946,0.05843675213675213,65121.0
Bahrain GP,crash,0.021739130434782608,0.0011794871794871796,55617.0
Bahrain GP,disqualification,0.0,0.0,55617.0
Bahrain GP,driver,0.0,0.0,55617.0
Bahrain GP,hype,0.009782608695652175,0.008526923076923078,55617.0
Bahrain GP,livery,0.0,0.0,55617.0
Bahrain GP,media,0.0,0.0,55617.0
Bahrain GP,merchandise,0.0,0.0,55617.0
Bahrain GP,overtake,0.0,0.0,55617.0
Bahrain GP,pace,-0.0010869565217391304,-0.0001730769230769231,55617.0
Bahrain GP,penalty,-0.004347826086956522,-0.00010256410256410257,55617.0
Bahrain GP,podium,0.0,0.0,55617.0
Bahrain GP,pole,0.016304347826086956,0.010576923076923078,55617.0
Bahrain GP,price,0.0,0.0,55617.0
Bahrain GP,promotion,0.0,0.0,55617.0
Bahrain GP,retirement,0.0,0.0,55617.0
Bahrain GP,team,0.021920289855072463,0.01605128205128205,55617.0
Bahrain GP,win,0.07324016563146998,0.052394688644688645,55617.0
Belgian GP,crash,0.0,0.0,80568.0
Belgian GP,disqualification,0.0,0.0,80568.0
Belgian GP,driver,0.007513661202185792,0.050237179487179484,80568.0
Belgian GP,hype,0.0,0.0,80568.0
Belgian GP,livery,0.0,0.0,80568.0
Belgian GP,media,0.0,0.0,80568.0
Belgian GP,merchandise,0.007451564828614009,0.004941724941724942,80568.0
Belgian GP,overtake,0.0,0.0,80568.0
Belgian GP,pace,0.007699950322901142,0.005163558663558663,80568.0
Belgian GP,penalty,0.0,0.0,80568.0
Belgian GP,podium,0.0,0.0,80568.0
Belgian GP,pole,0.00819672131147541,0.001717948717948718,80568.0
Belgian GP,price,0.0,0.0,80568.0
Belgian GP,promotion,0.00585480093676815,0.1098901098901099,80568.0
Belgian GP,retirement,0.0,0.0,80568.0
Belgian GP,team,0.011065573770491804,0.0032301282051282053,80568.0
Belgian GP,win,0.03811475409836066,0.06556794871794872,80568.0
British GP,crash,0.0,0.0,93998.0
British GP,disqualification,0.0,0.0,93998.0
British GP,driver,0.0007338551859099805,-0.0014111721611721612,93998.0
British GP,hype,0.0,0.0,93998.0
British GP,livery,0.0,0.0,93998.0
British GP,media,0.0032534246575342462,-0.00031506410256410255,93998.0
British GP,merchandise,0.0,0.0,93998.0
British GP,overtake,0.0,0.0,93998.0
British GP,pace,0.019625190258751906,0.012080021367521367,93998.0
British GP,penalty,0.0,0.0,93998.0
British GP,podium,0.00228310502283105,0.002811965811965812,93998.0
British GP,pole,0.0,0.0,93998.0
British GP,price,0.0,0.0,93998.0
British GP,promotion,0.004892367906066536,0.005137362637362638,93998.0
British GP,retirement,0.0,0.0,93998.0
British GP,team,0.007762557077625571,0.00016709401709401708,93998.0
British GP,win,0.03884132420091324,0.005447970085470086,93998.0
Canadian GP,crash,0.0,0.0,78534.0
Canadian GP,disqualification,0.0,0.0,78534.0
Canadian GP,driver,0.004901960784313725,0.007051282051282051,78534.0
Canadian GP,hype,0.0,0.0,78534.0
Canadian GP,livery,0.0,0.0,78534.0
Canadian GP,media,0.0,0.0,78534.0
Canadian GP,merchandise,0.0,0.0,78534.0
Canadian GP,overtake,0.0,0.0,78534.0
Canadian GP,pace,0.0,0.0,78534.0
Canadian GP,penalty,0.0,0.0,78534.0
Canadian GP,podium,0.0,0.0,78534.0
Canadian GP,pole,0.0,0.0,78534.0
Canadian GP,price,0.0,0.0,78534.0
Canadian GP,promotion,0.0,0.0,78534.0
Canadian GP,retirement,0.004901960784313725,0.007051282051282051,78534.0
Canadian GP,team,0.0,0.0,78534.0
Canadian GP,win,0.06274509803921569,0.0021147435897435896,78534.0
Chinese GP,crash,0.0,0.0,239847.0
Chinese GP,disqualification,0.0,0.0,239847.0
Chinese GP,driver,0.0,0.0,239847.0
Chinese GP,hype,0.0,0.0,239847.0
Chinese GP,livery,0.0,0.0,239847.0
Chinese GP,media,0.004629629629629629,8.974358974358975e-05,239847.0
Chinese GP,merchandise,0.002525252525252525,5.244755244755244e-05,239847.0
Chinese GP,overtake,0.0,0.0,239847.0
Chinese GP,pace,0.0,0.0,239847.0
Chinese GP,penalty,0.0,0.0,239847.0
Chinese GP,podium,0.0,0.0,239847.0
Chinese GP,pole,0.0,0.0,239847.0
Chinese GP,price,0.0,0.0,239847.0
Chinese GP,promotion,0.0,0.0,239847.0
Chinese GP,retirement,0.0,0.0,239847.0
Chinese GP,team,0.010493827160493827,0.00028333333333333335,239847.0
Chinese GP,win,0.02962962962962963,0.016303205128205128,239847.0
Dutch GP,crash,0.0,0.0,54346.0
Dutch GP,disqualification,0.0,0.0,54346.0
Dutch GP,driver,0.012077294685990336,0.07307692307692308,54346.0
Dutch GP,hype,0.0,0.0,54346.0
Dutch GP,livery,0.0,0.0,54346.0
Dutch GP,media,0.0,0.0,54346.0
Dutch GP,merchandise,0.0,0.0,54346.0
Dutch GP,overtake,0.0,0.0,54346.0
Dutch GP,pace,0.0,0.0,54346.0
Dutch GP,penalty,0.0,0.0,54346.0
Dutch GP,podium,0.0,0.0,54346.0
Dutch GP,pole,0.0,0.0,54346.0
Dutch GP,price,0.0,0.0,54346.0
Dutch GP,promotion,0.004140786749482402,0.0021465201465201466,54346.0
Dutch GP,retirement,0.0,0.0,54346.0
Dutch GP,team,0.006159420289855072,0.00029423076923076923,54346.0
Dutch GP,win,0.05575109270761445,0.08796425518925519,54346.0
Emilia Romagna GP,crash,0.0,0.0,74522.0
Emilia Romagna GP,disqualification,0.0,0.0,74522.0
Emilia Romagna GP,driver,0.0,0.0,74522.0
Emilia Romagna GP,hype,0.0,0.0,74522.0
Emilia Romagna GP,livery,0.0,0.0,74522.0
Emilia Romagna GP,media,0.0,0.0,74522.0
Emilia Romagna GP,merchandise,0.00505050505050505,0.0001993006993006993,74522.0
Emilia Romagna GP,overtake,0.0,0.0,74522.0
Emilia Romagna GP,pace,0.008024691358024692,0.0006547008547008547,74522.0
Emilia Romagna GP,penalty,0.009876543209876543,0.006256410256410257,74522.0
Emilia Romagna GP,podium,0.0,0.0,74522.0
Emilia Romagna GP,pole,0.0,0.0,74522.0
Emilia Romagna GP,price,0.0,0.0,74522.0
Emilia Romagna GP,promotion,0.0,0.0,74522.0
Emilia Romagna GP,retirement,0.0,0.0,74522.0
Emilia Romagna GP,team,0.012962962962962963,0.00027820512820512816,74522.0
Emilia Romagna GP,win,0.05462962962962963,0.05833205128205128,74522.0
Hungarian GP,crash,0.0,0.0,73707.0
Hungarian GP,disqualification,0.0,0.0,73707.0
Hungarian GP,driver,0.005747126436781609,0.04871794871794872,73707.0
Hungarian GP,hype,0.0,0.0,73707.0
Hungarian GP,livery,0.0,0.0,73707.0
Hungarian GP,media,0.0,0.0,73707.0
Hungarian GP,merchandise,0.0047021943573667705,0.0003986013986013986,73707.0
Hungarian GP,overtake,0.0,0.0,73707.0
Hungarian GP,pace,0.0,0.0,73707.0
Hungarian GP,penalty,0.0,0.0,73707.0
Hungarian GP,podium,0.0,0.0,73707.0
Hungarian GP,pole,0.008620689655172414,0.0033333333333333335,73707.0
Hungarian GP,price,0.0,0.0,73707.0
Hungarian GP,promotion,0.006157635467980296,0.01098901098901099,73707.0
Hungarian GP,retirement,0.0,0.0,73707.0
Hungarian GP,team,0.036637931034482756,0.0022557692307692305,73707.0
Hungarian GP,win,0.03922413793103448,0.08355128205128205,73707.0
Italian GP,crash,0.002173913043478261,0.0010423076923076924,69120.0
Italian GP,disqualification,0.0,0.0,69120.0
Italian GP,driver,0.009178743961352657,0.05146217948717949,69120.0
Italian GP,hype,0.0,0.0,69120.0
Italian GP,livery,0.0,0.0,69120.0
Italian GP,media,0.0,0.0,69120.0
Italian GP,merchandise,0.003952569169960474,0.0003426573426573426,69120.0
Italian GP,overtake,0.0,0.0,69120.0
Italian GP,pace,0.00922266139657444,0.000872960372960373,69120.0
Italian GP,penalty,0.0,0.0,69120.0
Italian GP,podium,0.0,0.0,69120.0
Italian GP,pole,0.007246376811594203,0.005166666666666667,69120.0
Italian GP,price,0.0,0.0,69120.0
Italian GP,promotion,0.0,0.0,69120.0
Italian GP,retirement,0.0,0.0,69120.0
Italian GP,team,0.00821256038647343,0.00037777777777777777,69120.0
Italian GP,win,0.03103864734299517,0.07858760683760684,69120.0
Japanese GP,crash,0.0,0.0,128508.0
Japanese GP,disqualification,0.0,0.0,128508.0
Japanese GP,driver,0.006628787878787879,0.009149184149184149,128508.0
Japanese GP,hype,0.0,0.0,128508.0
Japanese GP,livery,0.004464285714285715,0.14285714285714285,128508.0
Japanese GP,media,0.0,0.0,128508.0
Japanese GP,merchandise,0.004261363636363636,0.0021153846153846153,128508.0
Japanese GP,overtake,0.0,0.0,128508.0
Japanese GP,pace,0.0,0.0,128508.0
Japanese GP,penalty,0.0,0.0,128508.0
Japanese GP,podium,0.0,0.0,128508.0
Japanese GP,pole,0.0,0.0,128508.0
Japanese GP,price,0.0,0.0,128508.0
Japanese GP,promotion,0.0024801587301587305,0.07936507936507936,128508.0
Japanese GP,retirement,0.005208333333333333,0.007051282051282051,128508.0
Japanese GP,team,0.011805555555555555,0.00015982905982905984,128508.0
Japanese GP,win,0.02291666666666667,-0.0023115384615384617,128508.0
Las Vegas GP,crash,0.0,0.0,148359.0
Las Vegas GP,disqualification,0.0,0.0,148359.0
Las Vegas GP,driver,0.0,0.0,148359.0
Las Vegas GP,hype,0.0,0.0,148359.0
Las Vegas GP,livery,0.0063025210084033615,0.017582417582417582,148359.0
Las Vegas GP,media,0.0,0.0,148359.0
Las Vegas GP,merchandise,0.00641711229946524,3.4965034965034965e-05,148359.0
Las Vegas GP,overtake,0.0,0.0,148359.0
Las Vegas GP,pace,0.0,0.0,148359.0
Las Vegas GP,penalty,0.0,0.0,148359.0
Las Vegas GP,podium,0.0,0.0,148359.0
Las Vegas GP,pole,0.003676470588235294,0.009615384615384616,148359.0
Las Vegas GP,price,0.0,0.0,148359.0
Las Vegas GP,promotion,0.026260504201680673,0.19480769230769232,148359.0
Las Vegas GP,retirement,0.0,0.0,148359.0
Las Vegas GP,team,0.0,0.0,148359.0
Las Vegas GP,win,0.0210171568627451,0.04473504273504273,148359.0
Mexican GP,crash,0.0,0.0,7853.0
Mexican GP,disqualification,0.0,0.0,7853.0
Mexican GP,driver,0.0,0.0,7853.0
Mexican GP,hype,0.0,0.0,7853.0
Mexican GP,livery,0.0,0.0,7853.0
Mexican GP,media,0.0,0.0,7853.0
Mexican GP,merchandise,0.0,0.0,7853.0
Mexican GP,overtake,0.0,0.0,7853.0
Mexican GP,pace,0.0,0.0,7853.0
Mexican GP,penalty,0.0,0.0,7853.0
Mexican GP,podium,0.0,0.0,7853.0
Mexican GP,pole,0.0,0.0,7853.0
Mexican GP,price,0.0,0.0,7853.0
Mexican GP,promotion,0.0,0.0,7853.0
Mexican GP,retirement,0.0,0.0,7853.0
Mexican GP,team,0.0,0.0,7853.0
Mexican GP,win,0.0246031746031746,0.0015243589743589743,7853.0
Miami GP,crash,0.0,0.0,127995.0
Miami GP,disqualification,0.0,0.0,127995.0
Miami GP,driver,0.0021551724137931034,0.020833333333333332,127995.0
Miami GP,hype,0.0,0.0,127995.0
Miami GP,livery,0.0,0.0,127995.0
Miami GP,media,0.0,0.0,127995.0
Miami GP,merchandise,-0.001724137931034483,-0.0071794871794871795,127995.0
Miami GP,overtake,0.0,0.0,127995.0
Miami GP,pace,0.0,0.0,127995.0
Miami GP,penalty,0.0,0.0,127995.0
Miami GP,podium,0.022413793103448276,0.007682051282051282,127995.0
Miami GP,pole,0.01293103448275862,0.34294871794871795,127995.0
Miami GP,price,0.0,0.0,127995.0
Miami GP,promotion,0.012315270935960592,0.17399267399267399,127995.0
Miami GP,retirement,0.0,0.0,127995.0
Miami GP,team,0.04051724137931035,0.02067948717948718,127995.0
Miami GP,win,0.12397372742200329,0.2661717643467644,127995.0
Monaco GP,crash,0.00449438202247191,0.011282051282051281,111340.0
Monaco GP,disqualification,0.0,0.0,111340.0
Monaco GP,driver,0.0,0.0,111340.0
Monaco GP,hype,0.007022471910112359,0.0007852564102564102,111340.0
Monaco GP,livery,0.011235955056179775,0.18461538461538463,111340.0
Monaco GP,media,0.02247191011235955,0.003730769230769231,111340.0
Monaco GP,merchandise,0.0015321756894790602,0.0004055944055944056,111340.0
Monaco GP,overtake,0.0,0.0,111340.0
Monaco GP,pace,0.033707865168539325,0.00817948717948718,111340.0
Monaco GP,penalty,-0.0065543071161048684,-0.11158119658119656,111340.0
Monaco GP,podium,0.0,0.0,111340.0
Monaco GP,pole,0.008426966292134831,0.011256410256410257,111340.0
Monaco GP,price,0.0,0.0,111340.0
Monaco GP,promotion,0.004012841091492777,0.008901098901098902,111340.0
Monaco GP,retirement,0.0,0.0,111340.0
Monaco GP,team,0.009550561797752809,0.00045769230769230766,111340.0
Monaco GP,win,0.037827715355805244,-0.03980470085470085,111340.0
Qatar GP,crash,0.006349206349206348,0.011282051282051281,94954.0
Qatar GP,disqualification,0.0,0.0,94954.0
Qatar GP,driver,0.0,0.0,94954.0
Qatar GP,hype,0.0,0.0,94954.0
Qatar GP,livery,0.0,0.0,94954.0
Qatar GP,media,0.0,0.0,94954.0
Qatar GP,merchandise,0.006012506012506012,0.008323620823620823,94954.0
Qatar GP,overtake,0.0,0.0,94954.0
Qatar GP,pace,0.0008818342151675485,6.552706552706553e-05,94954.0
Qatar GP,penalty,0.0,0.0,94954.0
Qatar GP,podium,0.0,0.0,94954.0
Qatar GP,pole,0.007936507936507936,0.15384615384615385,94954.0
Qatar GP,price,0.0,0.0,94954.0
Qatar GP,promotion,0.0,0.0,94954.0
Qatar GP,retirement,0.0,0.0,94954.0
Qatar GP,team,0.007936507936507936,0.04487179487179487,94954.0
Qatar GP,win,0.027777777777777776,0.008320512820512821,94954.0
Saudi Arabian GP,crash,0.013157894736842105,0.001435897435897436,49480.0
Saudi Arabian GP,disqualification,0.0,0.0,49480.0
Saudi Arabian GP,driver,0.0,0.0,49480.0
Saudi Arabian GP,hype,0.013157894736842105,0.0077051282051282055,49480.0
Saudi Arabian GP,livery,0.0,0.0,49480.0
Saudi Arabian GP,media,0.0,0.0,49480.0
Saudi Arabian GP,merchandise,0.0,0.0,49480.0
Saudi Arabian GP,overtake,0.0,0.0,49480.0
Saudi Arabian GP,pace,0.0064144736842105254,0.0037562499999999996,49480.0
Saudi Arabian GP,penalty,0.0,0.0,49480.0
Saudi Arabian GP,podium,0.0,0.0,49480.0
Saudi Arabian GP,pole,0.0,0.0,49480.0
Saudi Arabian GP,price,0.0,0.0,49480.0
Saudi Arabian GP,promotion,0.0,0.0,49480.0
Saudi Arabian GP,retirement,0.0,0.0,49480.0
Saudi Arabian GP,team,0.018421052631578946,0.00017948717948717947,49480.0
Saudi Arabian GP,win,0.03026315789473684,0.002579487179487179,49480.0
Singapore GP,crash,0.0059701492537313425,0.011282051282051281,90991.0
Singapore GP,disqualification,0.0,0.0,90991.0
Singapore GP,driver,0.01616915422885572,0.0583974358974359,90991.0
Singapore GP,hype,0.0,0.0,90991.0
Singapore GP,livery,0.0,0.0,90991.0
Singapore GP,media,0.0,0.0,90991.0
Singapore GP,merchandise,0.0,0.0,90991.0
Singapore GP,overtake,0.0,0.0,90991.0
Singapore GP,pace,0.0,0.0,90991.0
Singapore GP,penalty,0.003109452736318408,0.0023985042735042736,90991.0
Singapore GP,podium,0.0,0.0,90991.0
Singapore GP,pole,0.0037313432835820895,0.009615384615384616,90991.0
Singapore GP,price,0.0,0.0,90991.0
Singapore GP,promotion,0.0,0.0,90991.0
Singapore GP,retirement,0.0037313432835820895,0.007051282051282051,90991.0
Singapore GP,team,0.012686567164179104,0.00028333333333333335,90991.0
Singapore GP,win,0.03893034825870647,0.06069829059829059,90991.0
Spanish GP,crash,0.0,0.0,72885.0
Spanish GP,disqualification,0.0,0.0,72885.0
Spanish GP,driver,0.01443452380952381,0.05739615384615385,72885.0
Spanish GP,hype,0.0,0.0,72885.0
Spanish GP,livery,0.0,0.0,72885.0
Spanish GP,media,0.0,0.0,72885.0
Spanish GP,merchandise,0.002435064935064935,7.692307692307691e-05,72885.0
Spanish GP,overtake,0.0,0.0,72885.0
Spanish GP,pace,0.024999999999999998,0.026312820512820512,72885.0
Spanish GP,penalty,0.0,0.0,72885.0
Spanish GP,podium,0.0,0.0,72885.0
Spanish GP,pole,0.0,0.0,72885.0
Spanish GP,price,0.0,0.0,72885.0
Spanish GP,promotion,0.0,0.0,72885.0
Spanish GP,retirement,0.004464285714285714,0.007051282051282051,72885.0
Spanish GP,team,0.0,0.0,72885.0
Spanish GP,win,0.027976190476190477,0.06912008547008547,72885.0
São Paulo GP,crash,-0.008333333333333333,-0.0009487179487179488,47963.0
São Paulo GP,disqualification,0.0,0.0,47963.0
São Paulo GP,driver,0.0,0.0,47963.0
São Paulo GP,hype,0.0,0.0,47963.0
São Paulo GP,livery,0.0,0.0,47963.0
São Paulo GP,media,0.0,0.0,47963.0
São Paulo GP,merchandise,0.0,0.0,47963.0
São Paulo GP,overtake,0.0,0.0,47963.0
São Paulo GP,pace,0.0,0.0,47963.0
São Paulo GP,penalty,0.0,0.0,47963.0
São Paulo GP,podium,0.0,0.0,47963.0
São Paulo GP,pole,0.0,0.0,47963.0
São Paulo GP,price,0.0,0.0,47963.0
São Paulo GP,promotion,0.014880952380952382,0.04212454212454213,47963.0
São Paulo GP,retirement,0.0,0.0,47963.0
São Paulo GP,team,-0.008333333333333333,-0.0009487179487179488,47963.0
São Paulo GP,win,0.06458333333333334,0.010089743589743589,47963.0
United States GP,crash,-0.0017543859649122807,-0.0007076923076923077,94826.0
United States GP,disqualification,0.0,0.0,94826.0
United States GP,driver,0.0021929824561403508,0.0015192307692307692,94826.0
United States GP,hype,0.0,0.0,94826.0
United States GP,livery,0.0,0.0,94826.0
United States GP,media,0.0,0.0,94826.0
United States GP,merchandise,0.0,0.0,94826.0
United States GP,overtake,0.0,0.0,94826.0
United States GP,pace,0.0,0.0,94826.0
United States GP,penalty,0.0,0.0,94826.0
United States GP,podium,0.0,0.0,94826.0
United States GP,pole,0.0043859649122807015,0.0017692307692307693,94826.0
United States GP,price,0.0,0.0,94826.0
United States GP,promotion,0.0075187969924812035,0.003384615384615385,94826.0
United States GP,retirement,0.0,0.0,94826.0
United States GP,team,0.007456140350877193,8.717948717948717e-05,94826.0
United States GP,win,0.06829573934837092,0.011695970695970696,94826.0
